{
  "per": 0.16754218653959482,
  "cer": 0.12009970927591533,
  "success_count": 2216,
  "error_count": 0,
  "total_samples": 2216
}