{
  "timestamp": "2025-11-08T06:20:56.486108",
  "best_model": "LoRA r32 (3500h)",
  "best_per": 16.754218653959484,
  "results": {
    "base": {
      "name": "기본 모델 (wav2vec2-korean-phoneme)",
      "per": 36.67171489946835,
      "cer": 26.397690106295997,
      "success_count": 2216
    },
    "lora_r16_3500h": {
      "name": "LoRA r16 (3500h)",
      "per": 17.71232677063069,
      "cer": 12.702995820841284,
      "success_count": 2216
    },
    "lora_r16_early3": {
      "name": "LoRA r16 (3500h, Early Stop 3)",
      "per": 22.844415154837115,
      "cer": 16.254712909966386,
      "success_count": 2216
    },
    "lora_r16_early15": {
      "name": "LoRA r16 (3500h, Early Stop 15)",
      "per": 18.700851017989876,
      "cer": 13.519237757790497,
      "success_count": 2216
    },
    "lora_r32_3500h": {
      "name": "LoRA r32 (3500h)",
      "per": 16.754218653959484,
      "cer": 12.009970927591533,
      "success_count": 2216
    },
    "lora_r32_early3": {
      "name": "LoRA r32 (3500h, Early Stop 3)",
      "per": 19.77365329413032,
      "cer": 14.246331879712908,
      "success_count": 2216
    },
    "lora_r32_early15": {
      "name": "LoRA r32 (3500h, Early Stop 15)",
      "per": 18.002547350945118,
      "cer": 13.022110929408559,
      "success_count": 2216
    }
  }
}