{
  "per": 0.1977365329413032,
  "cer": 0.1424633187971291,
  "success_count": 2216,
  "error_count": 0,
  "total_samples": 2216
}