{
  "per": 0.1771232677063069,
  "cer": 0.12702995820841284,
  "success_count": 2216,
  "error_count": 0,
  "total_samples": 2216
}