{
  "per": 0.18700851017989875,
  "cer": 0.13519237757790498,
  "success_count": 2216,
  "error_count": 0,
  "total_samples": 2216
}