{
  "per": 0.22844415154837117,
  "cer": 0.16254712909966385,
  "success_count": 2216,
  "error_count": 0,
  "total_samples": 2216
}