{
  "per": 0.3667171489946835,
  "cer": 0.26397690106295996,
  "success_count": 2216,
  "error_count": 0,
  "total_samples": 2216
}