{
  "timestamp": "2025-11-07T01:28:15.788869",
  "best_model": "LoRA r32 (3500h)",
  "best_per": 18.002547350945118,
  "results": {
    "original": {
      "name": "원본 모델 (wav2vec2-korean-phoneme)",
      "per": 36.67171489946835,
      "cer": 26.397690106295997,
      "success_count": 2216,
      "error_count": 0
    },
    "lora_r16_3500h": {
      "name": "LoRA r16 (3500h)",
      "per": 18.700851017989876,
      "cer": 13.519237757790497,
      "success_count": 2216,
      "error_count": 0
    },
    "lora_r16_3500h_early": {
      "name": "LoRA r16 (3500h, Early Stop)",
      "per": 22.844415154837115,
      "cer": 16.254712909966386,
      "success_count": 2216,
      "error_count": 0
    },
    "lora_r32_3500h": {
      "name": "LoRA r32 (3500h)",
      "per": 18.002547350945118,
      "cer": 13.022110929408559,
      "success_count": 2216,
      "error_count": 0
    },
    "lora_r32_3500h_early": {
      "name": "LoRA r32 (3500h, Early Stop)",
      "per": 19.77365329413032,
      "cer": 14.246331879712908,
      "success_count": 2216,
      "error_count": 0
    }
  }
}