{
  "per": 0.18002547350945117,
  "cer": 0.1302211092940856,
  "success_count": 2216,
  "error_count": 0,
  "total_samples": 2216
}